year,state,hs_grad,rank_a,bachelors,rank_b,adv_degree,rank_c
2000,Alabama,84.3,44,23.5,44,8.7,38
2001,Alabama,84.3,44,23.5,44,8.7,38
2002,Alabama,84.3,44,23.5,44,8.7,38
2003,Alabama,84.3,44,23.5,44,8.7,38
2004,Alabama,84.3,44,23.5,44,8.7,38
2005,Alabama,84.3,44,23.5,44,8.7,38
2006,Alabama,84.3,44,23.5,44,8.7,38
2007,Alabama,84.3,44,23.5,44,8.7,38
2008,Alabama,84.3,44,23.5,44,8.7,38
2009,Alabama,84.3,44,23.5,44,8.7,38
2010,Alabama,84.3,44,23.5,44,8.7,38
2011,Alabama,84.3,44,23.5,44,8.7,38
2012,Alabama,84.3,44,23.5,44,8.7,38
2013,Alabama,84.3,44,23.5,44,8.7,38
2014,Alabama,84.3,44,23.5,44,8.7,38
2015,Alabama,84.3,44,23.5,44,8.7,38
2000,Alaska,92.1,5,28,26,10.1,27
2001,Alaska,92.1,5,28,26,10.1,27
2002,Alaska,92.1,5,28,26,10.1,27
2003,Alaska,92.1,5,28,26,10.1,27
2004,Alaska,92.1,5,28,26,10.1,27
2005,Alaska,92.1,5,28,26,10.1,27
2006,Alaska,92.1,5,28,26,10.1,27
2007,Alaska,92.1,5,28,26,10.1,27
2008,Alaska,92.1,5,28,26,10.1,27
2009,Alaska,92.1,5,28,26,10.1,27
2010,Alaska,92.1,5,28,26,10.1,27
2011,Alaska,92.1,5,28,26,10.1,27
2012,Alaska,92.1,5,28,26,10.1,27
2013,Alaska,92.1,5,28,26,10.1,27
2014,Alaska,92.1,5,28,26,10.1,27
2015,Alaska,92.1,5,28,26,10.1,27
2000,Arizona,86,35,27.5,30,10.2,25
2001,Arizona,86,35,27.5,30,10.2,25
2002,Arizona,86,35,27.5,30,10.2,25
2003,Arizona,86,35,27.5,30,10.2,25
2004,Arizona,86,35,27.5,30,10.2,25
2005,Arizona,86,35,27.5,30,10.2,25
2006,Arizona,86,35,27.5,30,10.2,25
2007,Arizona,86,35,27.5,30,10.2,25
2008,Arizona,86,35,27.5,30,10.2,25
2009,Arizona,86,35,27.5,30,10.2,25
2010,Arizona,86,35,27.5,30,10.2,25
2011,Arizona,86,35,27.5,30,10.2,25
2012,Arizona,86,35,27.5,30,10.2,25
2013,Arizona,86,35,27.5,30,10.2,25
2014,Arizona,86,35,27.5,30,10.2,25
2015,Arizona,86,35,27.5,30,10.2,25
2000,Arkansas,84.8,43,21.1,48,7.5,49
2001,Arkansas,84.8,43,21.1,48,7.5,49
2002,Arkansas,84.8,43,21.1,48,7.5,49
2003,Arkansas,84.8,43,21.1,48,7.5,49
2004,Arkansas,84.8,43,21.1,48,7.5,49
2005,Arkansas,84.8,43,21.1,48,7.5,49
2006,Arkansas,84.8,43,21.1,48,7.5,49
2007,Arkansas,84.8,43,21.1,48,7.5,49
2008,Arkansas,84.8,43,21.1,48,7.5,49
2009,Arkansas,84.8,43,21.1,48,7.5,49
2010,Arkansas,84.8,43,21.1,48,7.5,49
2011,Arkansas,84.8,43,21.1,48,7.5,49
2012,Arkansas,84.8,43,21.1,48,7.5,49
2013,Arkansas,84.8,43,21.1,48,7.5,49
2014,Arkansas,84.8,43,21.1,48,7.5,49
2015,Arkansas,84.8,43,21.1,48,7.5,49
2000,California,81.8,50,31.4,14,11.6,14
2001,California,81.8,50,31.4,14,11.6,14
2002,California,81.8,50,31.4,14,11.6,14
2003,California,81.8,50,31.4,14,11.6,14
2004,California,81.8,50,31.4,14,11.6,14
2005,California,81.8,50,31.4,14,11.6,14
2006,California,81.8,50,31.4,14,11.6,14
2007,California,81.8,50,31.4,14,11.6,14
2008,California,81.8,50,31.4,14,11.6,14
2009,California,81.8,50,31.4,14,11.6,14
2010,California,81.8,50,31.4,14,11.6,14
2011,California,81.8,50,31.4,14,11.6,14
2012,California,81.8,50,31.4,14,11.6,14
2013,California,81.8,50,31.4,14,11.6,14
2014,California,81.8,50,31.4,14,11.6,14
2015,California,81.8,50,31.4,14,11.6,14
2000,Colorado,90.7,14,38.1,2,14,7
2001,Colorado,90.7,14,38.1,2,14,7
2002,Colorado,90.7,14,38.1,2,14,7
2003,Colorado,90.7,14,38.1,2,14,7
2004,Colorado,90.7,14,38.1,2,14,7
2005,Colorado,90.7,14,38.1,2,14,7
2006,Colorado,90.7,14,38.1,2,14,7
2007,Colorado,90.7,14,38.1,2,14,7
2008,Colorado,90.7,14,38.1,2,14,7
2009,Colorado,90.7,14,38.1,2,14,7
2010,Colorado,90.7,14,38.1,2,14,7
2011,Colorado,90.7,14,38.1,2,14,7
2012,Colorado,90.7,14,38.1,2,14,7
2013,Colorado,90.7,14,38.1,2,14,7
2014,Colorado,90.7,14,38.1,2,14,7
2015,Colorado,90.7,14,38.1,2,14,7
2000,Connecticut,89.9,18,37.6,4,16.6,3
2001,Connecticut,89.9,18,37.6,4,16.6,3
2002,Connecticut,89.9,18,37.6,4,16.6,3
2003,Connecticut,89.9,18,37.6,4,16.6,3
2004,Connecticut,89.9,18,37.6,4,16.6,3
2005,Connecticut,89.9,18,37.6,4,16.6,3
2006,Connecticut,89.9,18,37.6,4,16.6,3
2007,Connecticut,89.9,18,37.6,4,16.6,3
2008,Connecticut,89.9,18,37.6,4,16.6,3
2009,Connecticut,89.9,18,37.6,4,16.6,3
2010,Connecticut,89.9,18,37.6,4,16.6,3
2011,Connecticut,89.9,18,37.6,4,16.6,3
2012,Connecticut,89.9,18,37.6,4,16.6,3
2013,Connecticut,89.9,18,37.6,4,16.6,3
2014,Connecticut,89.9,18,37.6,4,16.6,3
2015,Connecticut,89.9,18,37.6,4,16.6,3
2000,Delaware,88.4,27,30,19,12.2,12
2001,Delaware,88.4,27,30,19,12.2,12
2002,Delaware,88.4,27,30,19,12.2,12
2003,Delaware,88.4,27,30,19,12.2,12
2004,Delaware,88.4,27,30,19,12.2,12
2005,Delaware,88.4,27,30,19,12.2,12
2006,Delaware,88.4,27,30,19,12.2,12
2007,Delaware,88.4,27,30,19,12.2,12
2008,Delaware,88.4,27,30,19,12.2,12
2009,Delaware,88.4,27,30,19,12.2,12
2010,Delaware,88.4,27,30,19,12.2,12
2011,Delaware,88.4,27,30,19,12.2,12
2012,Delaware,88.4,27,30,19,12.2,12
2013,Delaware,88.4,27,30,19,12.2,12
2014,Delaware,88.4,27,30,19,12.2,12
2015,Delaware,88.4,27,30,19,12.2,12
2000,District of Columbia,89.3,,54.6,,31.3,
2001,District of Columbia,89.3,,54.6,,31.3,
2002,District of Columbia,89.3,,54.6,,31.3,
2003,District of Columbia,89.3,,54.6,,31.3,
2004,District of Columbia,89.3,,54.6,,31.3,
2005,District of Columbia,89.3,,54.6,,31.3,
2006,District of Columbia,89.3,,54.6,,31.3,
2007,District of Columbia,89.3,,54.6,,31.3,
2008,District of Columbia,89.3,,54.6,,31.3,
2009,District of Columbia,89.3,,54.6,,31.3,
2010,District of Columbia,89.3,,54.6,,31.3,
2011,District of Columbia,89.3,,54.6,,31.3,
2012,District of Columbia,89.3,,54.6,,31.3,
2013,District of Columbia,89.3,,54.6,,31.3,
2014,District of Columbia,89.3,,54.6,,31.3,
2015,District of Columbia,89.3,,54.6,,31.3,
2000,Florida,86.9,32,27.3,31,9.8,29
2001,Florida,86.9,32,27.3,31,9.8,29
2002,Florida,86.9,32,27.3,31,9.8,29
2003,Florida,86.9,32,27.3,31,9.8,29
2004,Florida,86.9,32,27.3,31,9.8,29
2005,Florida,86.9,32,27.3,31,9.8,29
2006,Florida,86.9,32,27.3,31,9.8,29
2007,Florida,86.9,32,27.3,31,9.8,29
2008,Florida,86.9,32,27.3,31,9.8,29
2009,Florida,86.9,32,27.3,31,9.8,29
2010,Florida,86.9,32,27.3,31,9.8,29
2011,Florida,86.9,32,27.3,31,9.8,29
2012,Florida,86.9,32,27.3,31,9.8,29
2013,Florida,86.9,32,27.3,31,9.8,29
2014,Florida,86.9,32,27.3,31,9.8,29
2015,Florida,86.9,32,27.3,31,9.8,29
2000,Georgia,85.4,40,28.8,23,10.7,20
2001,Georgia,85.4,40,28.8,23,10.7,20
2002,Georgia,85.4,40,28.8,23,10.7,20
2003,Georgia,85.4,40,28.8,23,10.7,20
2004,Georgia,85.4,40,28.8,23,10.7,20
2005,Georgia,85.4,40,28.8,23,10.7,20
2006,Georgia,85.4,40,28.8,23,10.7,20
2007,Georgia,85.4,40,28.8,23,10.7,20
2008,Georgia,85.4,40,28.8,23,10.7,20
2009,Georgia,85.4,40,28.8,23,10.7,20
2010,Georgia,85.4,40,28.8,23,10.7,20
2011,Georgia,85.4,40,28.8,23,10.7,20
2012,Georgia,85.4,40,28.8,23,10.7,20
2013,Georgia,85.4,40,28.8,23,10.7,20
2014,Georgia,85.4,40,28.8,23,10.7,20
2015,Georgia,85.4,40,28.8,23,10.7,20
2000,Hawaii,91,11,30.8,17,10.5,21
2001,Hawaii,91,11,30.8,17,10.5,21
2002,Hawaii,91,11,30.8,17,10.5,21
2003,Hawaii,91,11,30.8,17,10.5,21
2004,Hawaii,91,11,30.8,17,10.5,21
2005,Hawaii,91,11,30.8,17,10.5,21
2006,Hawaii,91,11,30.8,17,10.5,21
2007,Hawaii,91,11,30.8,17,10.5,21
2008,Hawaii,91,11,30.8,17,10.5,21
2009,Hawaii,91,11,30.8,17,10.5,21
2010,Hawaii,91,11,30.8,17,10.5,21
2011,Hawaii,91,11,30.8,17,10.5,21
2012,Hawaii,91,11,30.8,17,10.5,21
2013,Hawaii,91,11,30.8,17,10.5,21
2014,Hawaii,91,11,30.8,17,10.5,21
2015,Hawaii,91,11,30.8,17,10.5,21
2000,Idaho,89.5,22,25.9,38,8.2,42
2001,Idaho,89.5,22,25.9,38,8.2,42
2002,Idaho,89.5,22,25.9,38,8.2,42
2003,Idaho,89.5,22,25.9,38,8.2,42
2004,Idaho,89.5,22,25.9,38,8.2,42
2005,Idaho,89.5,22,25.9,38,8.2,42
2006,Idaho,89.5,22,25.9,38,8.2,42
2007,Idaho,89.5,22,25.9,38,8.2,42
2008,Idaho,89.5,22,25.9,38,8.2,42
2009,Idaho,89.5,22,25.9,38,8.2,42
2010,Idaho,89.5,22,25.9,38,8.2,42
2011,Idaho,89.5,22,25.9,38,8.2,42
2012,Idaho,89.5,22,25.9,38,8.2,42
2013,Idaho,89.5,22,25.9,38,8.2,42
2014,Idaho,89.5,22,25.9,38,8.2,42
2015,Idaho,89.5,22,25.9,38,8.2,42
2000,Illinois,87.9,30,32.3,12,12.4,11
2001,Illinois,87.9,30,32.3,12,12.4,11
2002,Illinois,87.9,30,32.3,12,12.4,11
2003,Illinois,87.9,30,32.3,12,12.4,11
2004,Illinois,87.9,30,32.3,12,12.4,11
2005,Illinois,87.9,30,32.3,12,12.4,11
2006,Illinois,87.9,30,32.3,12,12.4,11
2007,Illinois,87.9,30,32.3,12,12.4,11
2008,Illinois,87.9,30,32.3,12,12.4,11
2009,Illinois,87.9,30,32.3,12,12.4,11
2010,Illinois,87.9,30,32.3,12,12.4,11
2011,Illinois,87.9,30,32.3,12,12.4,11
2012,Illinois,87.9,30,32.3,12,12.4,11
2013,Illinois,87.9,30,32.3,12,12.4,11
2014,Illinois,87.9,30,32.3,12,12.4,11
2015,Illinois,87.9,30,32.3,12,12.4,11
2000,Indiana,87.8,31,24.1,42,8.7,38
2001,Indiana,87.8,31,24.1,42,8.7,38
2002,Indiana,87.8,31,24.1,42,8.7,38
2003,Indiana,87.8,31,24.1,42,8.7,38
2004,Indiana,87.8,31,24.1,42,8.7,38
2005,Indiana,87.8,31,24.1,42,8.7,38
2006,Indiana,87.8,31,24.1,42,8.7,38
2007,Indiana,87.8,31,24.1,42,8.7,38
2008,Indiana,87.8,31,24.1,42,8.7,38
2009,Indiana,87.8,31,24.1,42,8.7,38
2010,Indiana,87.8,31,24.1,42,8.7,38
2011,Indiana,87.8,31,24.1,42,8.7,38
2012,Indiana,87.8,31,24.1,42,8.7,38
2013,Indiana,87.8,31,24.1,42,8.7,38
2014,Indiana,87.8,31,24.1,42,8.7,38
2015,Indiana,87.8,31,24.1,42,8.7,38
2000,Iowa,91.5,9,26.7,35,8.5,41
2001,Iowa,91.5,9,26.7,35,8.5,41
2002,Iowa,91.5,9,26.7,35,8.5,41
2003,Iowa,91.5,9,26.7,35,8.5,41
2004,Iowa,91.5,9,26.7,35,8.5,41
2005,Iowa,91.5,9,26.7,35,8.5,41
2006,Iowa,91.5,9,26.7,35,8.5,41
2007,Iowa,91.5,9,26.7,35,8.5,41
2008,Iowa,91.5,9,26.7,35,8.5,41
2009,Iowa,91.5,9,26.7,35,8.5,41
2010,Iowa,91.5,9,26.7,35,8.5,41
2011,Iowa,91.5,9,26.7,35,8.5,41
2012,Iowa,91.5,9,26.7,35,8.5,41
2013,Iowa,91.5,9,26.7,35,8.5,41
2014,Iowa,91.5,9,26.7,35,8.5,41
2015,Iowa,91.5,9,26.7,35,8.5,41
2000,Kansas,90.2,17,31,16,11,19
2001,Kansas,90.2,17,31,16,11,19
2002,Kansas,90.2,17,31,16,11,19
2003,Kansas,90.2,17,31,16,11,19
2004,Kansas,90.2,17,31,16,11,19
2005,Kansas,90.2,17,31,16,11,19
2006,Kansas,90.2,17,31,16,11,19
2007,Kansas,90.2,17,31,16,11,19
2008,Kansas,90.2,17,31,16,11,19
2009,Kansas,90.2,17,31,16,11,19
2010,Kansas,90.2,17,31,16,11,19
2011,Kansas,90.2,17,31,16,11,19
2012,Kansas,90.2,17,31,16,11,19
2013,Kansas,90.2,17,31,16,11,19
2014,Kansas,90.2,17,31,16,11,19
2015,Kansas,90.2,17,31,16,11,19
2000,Kentucky,84.2,45,22.3,47,9.2,36
2001,Kentucky,84.2,45,22.3,47,9.2,36
2002,Kentucky,84.2,45,22.3,47,9.2,36
2003,Kentucky,84.2,45,22.3,47,9.2,36
2004,Kentucky,84.2,45,22.3,47,9.2,36
2005,Kentucky,84.2,45,22.3,47,9.2,36
2006,Kentucky,84.2,45,22.3,47,9.2,36
2007,Kentucky,84.2,45,22.3,47,9.2,36
2008,Kentucky,84.2,45,22.3,47,9.2,36
2009,Kentucky,84.2,45,22.3,47,9.2,36
2010,Kentucky,84.2,45,22.3,47,9.2,36
2011,Kentucky,84.2,45,22.3,47,9.2,36
2012,Kentucky,84.2,45,22.3,47,9.2,36
2013,Kentucky,84.2,45,22.3,47,9.2,36
2014,Kentucky,84.2,45,22.3,47,9.2,36
2015,Kentucky,84.2,45,22.3,47,9.2,36
2000,Louisiana,83.4,47,22.5,46,7.7,46
2001,Louisiana,83.4,47,22.5,46,7.7,46
2002,Louisiana,83.4,47,22.5,46,7.7,46
2003,Louisiana,83.4,47,22.5,46,7.7,46
2004,Louisiana,83.4,47,22.5,46,7.7,46
2005,Louisiana,83.4,47,22.5,46,7.7,46
2006,Louisiana,83.4,47,22.5,46,7.7,46
2007,Louisiana,83.4,47,22.5,46,7.7,46
2008,Louisiana,83.4,47,22.5,46,7.7,46
2009,Louisiana,83.4,47,22.5,46,7.7,46
2010,Louisiana,83.4,47,22.5,46,7.7,46
2011,Louisiana,83.4,47,22.5,46,7.7,46
2012,Louisiana,83.4,47,22.5,46,7.7,46
2013,Louisiana,83.4,47,22.5,46,7.7,46
2014,Louisiana,83.4,47,22.5,46,7.7,46
2015,Louisiana,83.4,47,22.5,46,7.7,46
2000,Maine,91.6,8,29,22,10.3,24
2001,Maine,91.6,8,29,22,10.3,24
2002,Maine,91.6,8,29,22,10.3,24
2003,Maine,91.6,8,29,22,10.3,24
2004,Maine,91.6,8,29,22,10.3,24
2005,Maine,91.6,8,29,22,10.3,24
2006,Maine,91.6,8,29,22,10.3,24
2007,Maine,91.6,8,29,22,10.3,24
2008,Maine,91.6,8,29,22,10.3,24
2009,Maine,91.6,8,29,22,10.3,24
2010,Maine,91.6,8,29,22,10.3,24
2011,Maine,91.6,8,29,22,10.3,24
2012,Maine,91.6,8,29,22,10.3,24
2013,Maine,91.6,8,29,22,10.3,24
2014,Maine,91.6,8,29,22,10.3,24
2015,Maine,91.6,8,29,22,10.3,24
2000,Maryland,89.4,23,37.9,3,17.3,2
2001,Maryland,89.4,23,37.9,3,17.3,2
2002,Maryland,89.4,23,37.9,3,17.3,2
2003,Maryland,89.4,23,37.9,3,17.3,2
2004,Maryland,89.4,23,37.9,3,17.3,2
2005,Maryland,89.4,23,37.9,3,17.3,2
2006,Maryland,89.4,23,37.9,3,17.3,2
2007,Maryland,89.4,23,37.9,3,17.3,2
2008,Maryland,89.4,23,37.9,3,17.3,2
2009,Maryland,89.4,23,37.9,3,17.3,2
2010,Maryland,89.4,23,37.9,3,17.3,2
2011,Maryland,89.4,23,37.9,3,17.3,2
2012,Maryland,89.4,23,37.9,3,17.3,2
2013,Maryland,89.4,23,37.9,3,17.3,2
2014,Maryland,89.4,23,37.9,3,17.3,2
2015,Maryland,89.4,23,37.9,3,17.3,2
2000,Massachusetts,89.8,19,40.5,1,17.7,1
2001,Massachusetts,89.8,19,40.5,1,17.7,1
2002,Massachusetts,89.8,19,40.5,1,17.7,1
2003,Massachusetts,89.8,19,40.5,1,17.7,1
2004,Massachusetts,89.8,19,40.5,1,17.7,1
2005,Massachusetts,89.8,19,40.5,1,17.7,1
2006,Massachusetts,89.8,19,40.5,1,17.7,1
2007,Massachusetts,89.8,19,40.5,1,17.7,1
2008,Massachusetts,89.8,19,40.5,1,17.7,1
2009,Massachusetts,89.8,19,40.5,1,17.7,1
2010,Massachusetts,89.8,19,40.5,1,17.7,1
2011,Massachusetts,89.8,19,40.5,1,17.7,1
2012,Massachusetts,89.8,19,40.5,1,17.7,1
2013,Massachusetts,89.8,19,40.5,1,17.7,1
2014,Massachusetts,89.8,19,40.5,1,17.7,1
2015,Massachusetts,89.8,19,40.5,1,17.7,1
2000,Michigan,89.6,21,26.9,34,10.5,21
2001,Michigan,89.6,21,26.9,34,10.5,21
2002,Michigan,89.6,21,26.9,34,10.5,21
2003,Michigan,89.6,21,26.9,34,10.5,21
2004,Michigan,89.6,21,26.9,34,10.5,21
2005,Michigan,89.6,21,26.9,34,10.5,21
2006,Michigan,89.6,21,26.9,34,10.5,21
2007,Michigan,89.6,21,26.9,34,10.5,21
2008,Michigan,89.6,21,26.9,34,10.5,21
2009,Michigan,89.6,21,26.9,34,10.5,21
2010,Michigan,89.6,21,26.9,34,10.5,21
2011,Michigan,89.6,21,26.9,34,10.5,21
2012,Michigan,89.6,21,26.9,34,10.5,21
2013,Michigan,89.6,21,26.9,34,10.5,21
2014,Michigan,89.6,21,26.9,34,10.5,21
2015,Michigan,89.6,21,26.9,34,10.5,21
2000,Minnesota,92.4,2,33.7,10,11.2,17
2001,Minnesota,92.4,2,33.7,10,11.2,17
2002,Minnesota,92.4,2,33.7,10,11.2,17
2003,Minnesota,92.4,2,33.7,10,11.2,17
2004,Minnesota,92.4,2,33.7,10,11.2,17
2005,Minnesota,92.4,2,33.7,10,11.2,17
2006,Minnesota,92.4,2,33.7,10,11.2,17
2007,Minnesota,92.4,2,33.7,10,11.2,17
2008,Minnesota,92.4,2,33.7,10,11.2,17
2009,Minnesota,92.4,2,33.7,10,11.2,17
2010,Minnesota,92.4,2,33.7,10,11.2,17
2011,Minnesota,92.4,2,33.7,10,11.2,17
2012,Minnesota,92.4,2,33.7,10,11.2,17
2013,Minnesota,92.4,2,33.7,10,11.2,17
2014,Minnesota,92.4,2,33.7,10,11.2,17
2015,Minnesota,92.4,2,33.7,10,11.2,17
2000,Mississippi,82.3,48,20.7,49,7.7,46
2001,Mississippi,82.3,48,20.7,49,7.7,46
2002,Mississippi,82.3,48,20.7,49,7.7,46
2003,Mississippi,82.3,48,20.7,49,7.7,46
2004,Mississippi,82.3,48,20.7,49,7.7,46
2005,Mississippi,82.3,48,20.7,49,7.7,46
2006,Mississippi,82.3,48,20.7,49,7.7,46
2007,Mississippi,82.3,48,20.7,49,7.7,46
2008,Mississippi,82.3,48,20.7,49,7.7,46
2009,Mississippi,82.3,48,20.7,49,7.7,46
2010,Mississippi,82.3,48,20.7,49,7.7,46
2011,Mississippi,82.3,48,20.7,49,7.7,46
2012,Mississippi,82.3,48,20.7,49,7.7,46
2013,Mississippi,82.3,48,20.7,49,7.7,46
2014,Mississippi,82.3,48,20.7,49,7.7,46
2015,Mississippi,82.3,48,20.7,49,7.7,46
2000,Missouri,88.4,27,27.1,32,10.2,25
2001,Missouri,88.4,27,27.1,32,10.2,25
2002,Missouri,88.4,27,27.1,32,10.2,25
2003,Missouri,88.4,27,27.1,32,10.2,25
2004,Missouri,88.4,27,27.1,32,10.2,25
2005,Missouri,88.4,27,27.1,32,10.2,25
2006,Missouri,88.4,27,27.1,32,10.2,25
2007,Missouri,88.4,27,27.1,32,10.2,25
2008,Missouri,88.4,27,27.1,32,10.2,25
2009,Missouri,88.4,27,27.1,32,10.2,25
2010,Missouri,88.4,27,27.1,32,10.2,25
2011,Missouri,88.4,27,27.1,32,10.2,25
2012,Missouri,88.4,27,27.1,32,10.2,25
2013,Missouri,88.4,27,27.1,32,10.2,25
2014,Missouri,88.4,27,27.1,32,10.2,25
2015,Missouri,88.4,27,27.1,32,10.2,25
2000,Montana,85.5,39,24.9,41,9,37
2001,Montana,85.5,39,24.9,41,9,37
2002,Montana,85.5,39,24.9,41,9,37
2003,Montana,85.5,39,24.9,41,9,37
2004,Montana,85.5,39,24.9,41,9,37
2005,Montana,85.5,39,24.9,41,9,37
2006,Montana,85.5,39,24.9,41,9,37
2007,Montana,85.5,39,24.9,41,9,37
2008,Montana,85.5,39,24.9,41,9,37
2009,Montana,85.5,39,24.9,41,9,37
2010,Montana,85.5,39,24.9,41,9,37
2011,Montana,85.5,39,24.9,41,9,37
2012,Montana,85.5,39,24.9,41,9,37
2013,Montana,85.5,39,24.9,41,9,37
2014,Montana,85.5,39,24.9,41,9,37
2015,Montana,85.5,39,24.9,41,9,37
2000,Nebraska,90.7,14,29.3,21,9.7,30
2001,Nebraska,90.7,14,29.3,21,9.7,30
2002,Nebraska,90.7,14,29.3,21,9.7,30
2003,Nebraska,90.7,14,29.3,21,9.7,30
2004,Nebraska,90.7,14,29.3,21,9.7,30
2005,Nebraska,90.7,14,29.3,21,9.7,30
2006,Nebraska,90.7,14,29.3,21,9.7,30
2007,Nebraska,90.7,14,29.3,21,9.7,30
2008,Nebraska,90.7,14,29.3,21,9.7,30
2009,Nebraska,90.7,14,29.3,21,9.7,30
2010,Nebraska,90.7,14,29.3,21,9.7,30
2011,Nebraska,90.7,14,29.3,21,9.7,30
2012,Nebraska,90.7,14,29.3,21,9.7,30
2013,Nebraska,90.7,14,29.3,21,9.7,30
2014,Nebraska,90.7,14,29.3,21,9.7,30
2015,Nebraska,90.7,14,29.3,21,9.7,30
2000,Nevada,85.1,41,23,45,7.9,45
2001,Nevada,85.1,41,23,45,7.9,45
2002,Nevada,85.1,41,23,45,7.9,45
2003,Nevada,85.1,41,23,45,7.9,45
2004,Nevada,85.1,41,23,45,7.9,45
2005,Nevada,85.1,41,23,45,7.9,45
2006,Nevada,85.1,41,23,45,7.9,45
2007,Nevada,85.1,41,23,45,7.9,45
2008,Nevada,85.1,41,23,45,7.9,45
2009,Nevada,85.1,41,23,45,7.9,45
2010,Nevada,85.1,41,23,45,7.9,45
2011,Nevada,85.1,41,23,45,7.9,45
2012,Nevada,85.1,41,23,45,7.9,45
2013,Nevada,85.1,41,23,45,7.9,45
2014,Nevada,85.1,41,23,45,7.9,45
2015,Nevada,85.1,41,23,45,7.9,45
2000,New Hampshire,92.3,3,34.9,8,13,9
2001,New Hampshire,92.3,3,34.9,8,13,9
2002,New Hampshire,92.3,3,34.9,8,13,9
2003,New Hampshire,92.3,3,34.9,8,13,9
2004,New Hampshire,92.3,3,34.9,8,13,9
2005,New Hampshire,92.3,3,34.9,8,13,9
2006,New Hampshire,92.3,3,34.9,8,13,9
2007,New Hampshire,92.3,3,34.9,8,13,9
2008,New Hampshire,92.3,3,34.9,8,13,9
2009,New Hampshire,92.3,3,34.9,8,13,9
2010,New Hampshire,92.3,3,34.9,8,13,9
2011,New Hampshire,92.3,3,34.9,8,13,9
2012,New Hampshire,92.3,3,34.9,8,13,9
2013,New Hampshire,92.3,3,34.9,8,13,9
2014,New Hampshire,92.3,3,34.9,8,13,9
2015,New Hampshire,92.3,3,34.9,8,13,9
2000,New Jersey,88.6,26,36.8,5,14,7
2001,New Jersey,88.6,26,36.8,5,14,7
2002,New Jersey,88.6,26,36.8,5,14,7
2003,New Jersey,88.6,26,36.8,5,14,7
2004,New Jersey,88.6,26,36.8,5,14,7
2005,New Jersey,88.6,26,36.8,5,14,7
2006,New Jersey,88.6,26,36.8,5,14,7
2007,New Jersey,88.6,26,36.8,5,14,7
2008,New Jersey,88.6,26,36.8,5,14,7
2009,New Jersey,88.6,26,36.8,5,14,7
2010,New Jersey,88.6,26,36.8,5,14,7
2011,New Jersey,88.6,26,36.8,5,14,7
2012,New Jersey,88.6,26,36.8,5,14,7
2013,New Jersey,88.6,26,36.8,5,14,7
2014,New Jersey,88.6,26,36.8,5,14,7
2015,New Jersey,88.6,26,36.8,5,14,7
2000,New Mexico,84.2,45,26.3,36,11.5,15
2001,New Mexico,84.2,45,26.3,36,11.5,15
2002,New Mexico,84.2,45,26.3,36,11.5,15
2003,New Mexico,84.2,45,26.3,36,11.5,15
2004,New Mexico,84.2,45,26.3,36,11.5,15
2005,New Mexico,84.2,45,26.3,36,11.5,15
2006,New Mexico,84.2,45,26.3,36,11.5,15
2007,New Mexico,84.2,45,26.3,36,11.5,15
2008,New Mexico,84.2,45,26.3,36,11.5,15
2009,New Mexico,84.2,45,26.3,36,11.5,15
2010,New Mexico,84.2,45,26.3,36,11.5,15
2011,New Mexico,84.2,45,26.3,36,11.5,15
2012,New Mexico,84.2,45,26.3,36,11.5,15
2013,New Mexico,84.2,45,26.3,36,11.5,15
2014,New Mexico,84.2,45,26.3,36,11.5,15
2015,New Mexico,84.2,45,26.3,36,11.5,15
2000,New York,85.6,37,34.2,9,14.8,5
2001,New York,85.6,37,34.2,9,14.8,5
2002,New York,85.6,37,34.2,9,14.8,5
2003,New York,85.6,37,34.2,9,14.8,5
2004,New York,85.6,37,34.2,9,14.8,5
2005,New York,85.6,37,34.2,9,14.8,5
2006,New York,85.6,37,34.2,9,14.8,5
2007,New York,85.6,37,34.2,9,14.8,5
2008,New York,85.6,37,34.2,9,14.8,5
2009,New York,85.6,37,34.2,9,14.8,5
2010,New York,85.6,37,34.2,9,14.8,5
2011,New York,85.6,37,34.2,9,14.8,5
2012,New York,85.6,37,34.2,9,14.8,5
2013,New York,85.6,37,34.2,9,14.8,5
2014,New York,85.6,37,34.2,9,14.8,5
2015,New York,85.6,37,34.2,9,14.8,5
2000,North Carolina,85.8,36,28.4,25,9.9,28
2001,North Carolina,85.8,36,28.4,25,9.9,28
2002,North Carolina,85.8,36,28.4,25,9.9,28
2003,North Carolina,85.8,36,28.4,25,9.9,28
2004,North Carolina,85.8,36,28.4,25,9.9,28
2005,North Carolina,85.8,36,28.4,25,9.9,28
2006,North Carolina,85.8,36,28.4,25,9.9,28
2007,North Carolina,85.8,36,28.4,25,9.9,28
2008,North Carolina,85.8,36,28.4,25,9.9,28
2009,North Carolina,85.8,36,28.4,25,9.9,28
2010,North Carolina,85.8,36,28.4,25,9.9,28
2011,North Carolina,85.8,36,28.4,25,9.9,28
2012,North Carolina,85.8,36,28.4,25,9.9,28
2013,North Carolina,85.8,36,28.4,25,9.9,28
2014,North Carolina,85.8,36,28.4,25,9.9,28
2015,North Carolina,85.8,36,28.4,25,9.9,28
2000,North Dakota,91.7,7,27.7,28,7.6,48
2001,North Dakota,91.7,7,27.7,28,7.6,48
2002,North Dakota,91.7,7,27.7,28,7.6,48
2003,North Dakota,91.7,7,27.7,28,7.6,48
2004,North Dakota,91.7,7,27.7,28,7.6,48
2005,North Dakota,91.7,7,27.7,28,7.6,48
2006,North Dakota,91.7,7,27.7,28,7.6,48
2007,North Dakota,91.7,7,27.7,28,7.6,48
2008,North Dakota,91.7,7,27.7,28,7.6,48
2009,North Dakota,91.7,7,27.7,28,7.6,48
2010,North Dakota,91.7,7,27.7,28,7.6,48
2011,North Dakota,91.7,7,27.7,28,7.6,48
2012,North Dakota,91.7,7,27.7,28,7.6,48
2013,North Dakota,91.7,7,27.7,28,7.6,48
2014,North Dakota,91.7,7,27.7,28,7.6,48
2015,North Dakota,91.7,7,27.7,28,7.6,48
2000,Ohio,89.1,25,26.1,37,9.7,30
2001,Ohio,89.1,25,26.1,37,9.7,30
2002,Ohio,89.1,25,26.1,37,9.7,30
2003,Ohio,89.1,25,26.1,37,9.7,30
2004,Ohio,89.1,25,26.1,37,9.7,30
2005,Ohio,89.1,25,26.1,37,9.7,30
2006,Ohio,89.1,25,26.1,37,9.7,30
2007,Ohio,89.1,25,26.1,37,9.7,30
2008,Ohio,89.1,25,26.1,37,9.7,30
2009,Ohio,89.1,25,26.1,37,9.7,30
2010,Ohio,89.1,25,26.1,37,9.7,30
2011,Ohio,89.1,25,26.1,37,9.7,30
2012,Ohio,89.1,25,26.1,37,9.7,30
2013,Ohio,89.1,25,26.1,37,9.7,30
2014,Ohio,89.1,25,26.1,37,9.7,30
2015,Ohio,89.1,25,26.1,37,9.7,30
2000,Oklahoma,86.9,32,24.1,42,8,43
2001,Oklahoma,86.9,32,24.1,42,8,43
2002,Oklahoma,86.9,32,24.1,42,8,43
2003,Oklahoma,86.9,32,24.1,42,8,43
2004,Oklahoma,86.9,32,24.1,42,8,43
2005,Oklahoma,86.9,32,24.1,42,8,43
2006,Oklahoma,86.9,32,24.1,42,8,43
2007,Oklahoma,86.9,32,24.1,42,8,43
2008,Oklahoma,86.9,32,24.1,42,8,43
2009,Oklahoma,86.9,32,24.1,42,8,43
2010,Oklahoma,86.9,32,24.1,42,8,43
2011,Oklahoma,86.9,32,24.1,42,8,43
2012,Oklahoma,86.9,32,24.1,42,8,43
2013,Oklahoma,86.9,32,24.1,42,8,43
2014,Oklahoma,86.9,32,24.1,42,8,43
2015,Oklahoma,86.9,32,24.1,42,8,43
2000,Oregon,89.8,19,30.8,17,11.5,15
2001,Oregon,89.8,19,30.8,17,11.5,15
2002,Oregon,89.8,19,30.8,17,11.5,15
2003,Oregon,89.8,19,30.8,17,11.5,15
2004,Oregon,89.8,19,30.8,17,11.5,15
2005,Oregon,89.8,19,30.8,17,11.5,15
2006,Oregon,89.8,19,30.8,17,11.5,15
2007,Oregon,89.8,19,30.8,17,11.5,15
2008,Oregon,89.8,19,30.8,17,11.5,15
2009,Oregon,89.8,19,30.8,17,11.5,15
2010,Oregon,89.8,19,30.8,17,11.5,15
2011,Oregon,89.8,19,30.8,17,11.5,15
2012,Oregon,89.8,19,30.8,17,11.5,15
2013,Oregon,89.8,19,30.8,17,11.5,15
2014,Oregon,89.8,19,30.8,17,11.5,15
2015,Oregon,89.8,19,30.8,17,11.5,15
2000,Pennsylvania,89.2,24,28.6,24,11.2,17
2001,Pennsylvania,89.2,24,28.6,24,11.2,17
2002,Pennsylvania,89.2,24,28.6,24,11.2,17
2003,Pennsylvania,89.2,24,28.6,24,11.2,17
2004,Pennsylvania,89.2,24,28.6,24,11.2,17
2005,Pennsylvania,89.2,24,28.6,24,11.2,17
2006,Pennsylvania,89.2,24,28.6,24,11.2,17
2007,Pennsylvania,89.2,24,28.6,24,11.2,17
2008,Pennsylvania,89.2,24,28.6,24,11.2,17
2009,Pennsylvania,89.2,24,28.6,24,11.2,17
2010,Pennsylvania,89.2,24,28.6,24,11.2,17
2011,Pennsylvania,89.2,24,28.6,24,11.2,17
2012,Pennsylvania,89.2,24,28.6,24,11.2,17
2013,Pennsylvania,89.2,24,28.6,24,11.2,17
2014,Pennsylvania,89.2,24,28.6,24,11.2,17
2015,Pennsylvania,89.2,24,28.6,24,11.2,17
2000,Rhode Island,86.2,34,31.9,13,12.8,10
2001,Rhode Island,86.2,34,31.9,13,12.8,10
2002,Rhode Island,86.2,34,31.9,13,12.8,10
2003,Rhode Island,86.2,34,31.9,13,12.8,10
2004,Rhode Island,86.2,34,31.9,13,12.8,10
2005,Rhode Island,86.2,34,31.9,13,12.8,10
2006,Rhode Island,86.2,34,31.9,13,12.8,10
2007,Rhode Island,86.2,34,31.9,13,12.8,10
2008,Rhode Island,86.2,34,31.9,13,12.8,10
2009,Rhode Island,86.2,34,31.9,13,12.8,10
2010,Rhode Island,86.2,34,31.9,13,12.8,10
2011,Rhode Island,86.2,34,31.9,13,12.8,10
2012,Rhode Island,86.2,34,31.9,13,12.8,10
2013,Rhode Island,86.2,34,31.9,13,12.8,10
2014,Rhode Island,86.2,34,31.9,13,12.8,10
2015,Rhode Island,86.2,34,31.9,13,12.8,10
2000,South Carolina,85.6,37,25.8,39,9.3,35
2001,South Carolina,85.6,37,25.8,39,9.3,35
2002,South Carolina,85.6,37,25.8,39,9.3,35
2003,South Carolina,85.6,37,25.8,39,9.3,35
2004,South Carolina,85.6,37,25.8,39,9.3,35
2005,South Carolina,85.6,37,25.8,39,9.3,35
2006,South Carolina,85.6,37,25.8,39,9.3,35
2007,South Carolina,85.6,37,25.8,39,9.3,35
2008,South Carolina,85.6,37,25.8,39,9.3,35
2009,South Carolina,85.6,37,25.8,39,9.3,35
2010,South Carolina,85.6,37,25.8,39,9.3,35
2011,South Carolina,85.6,37,25.8,39,9.3,35
2012,South Carolina,85.6,37,25.8,39,9.3,35
2013,South Carolina,85.6,37,25.8,39,9.3,35
2014,South Carolina,85.6,37,25.8,39,9.3,35
2015,South Carolina,85.6,37,25.8,39,9.3,35
2000,South Dakota,90.9,13,27,33,8,43
2001,South Dakota,90.9,13,27,33,8,43
2002,South Dakota,90.9,13,27,33,8,43
2003,South Dakota,90.9,13,27,33,8,43
2004,South Dakota,90.9,13,27,33,8,43
2005,South Dakota,90.9,13,27,33,8,43
2006,South Dakota,90.9,13,27,33,8,43
2007,South Dakota,90.9,13,27,33,8,43
2008,South Dakota,90.9,13,27,33,8,43
2009,South Dakota,90.9,13,27,33,8,43
2010,South Dakota,90.9,13,27,33,8,43
2011,South Dakota,90.9,13,27,33,8,43
2012,South Dakota,90.9,13,27,33,8,43
2013,South Dakota,90.9,13,27,33,8,43
2014,South Dakota,90.9,13,27,33,8,43
2015,South Dakota,90.9,13,27,33,8,43
2000,Texas,81.9,49,27.6,29,9.4,33
2001,Texas,81.9,49,27.6,29,9.4,33
2002,Texas,81.9,49,27.6,29,9.4,33
2003,Texas,81.9,49,27.6,29,9.4,33
2004,Texas,81.9,49,27.6,29,9.4,33
2005,Texas,81.9,49,27.6,29,9.4,33
2006,Texas,81.9,49,27.6,29,9.4,33
2007,Texas,81.9,49,27.6,29,9.4,33
2008,Texas,81.9,49,27.6,29,9.4,33
2009,Texas,81.9,49,27.6,29,9.4,33
2010,Texas,81.9,49,27.6,29,9.4,33
2011,Texas,81.9,49,27.6,29,9.4,33
2012,Texas,81.9,49,27.6,29,9.4,33
2013,Texas,81.9,49,27.6,29,9.4,33
2014,Texas,81.9,49,27.6,29,9.4,33
2015,Texas,81.9,49,27.6,29,9.4,33
2000,Utah,91.2,10,31.1,15,10.4,23
2001,Utah,91.2,10,31.1,15,10.4,23
2002,Utah,91.2,10,31.1,15,10.4,23
2003,Utah,91.2,10,31.1,15,10.4,23
2004,Utah,91.2,10,31.1,15,10.4,23
2005,Utah,91.2,10,31.1,15,10.4,23
2006,Utah,91.2,10,31.1,15,10.4,23
2007,Utah,91.2,10,31.1,15,10.4,23
2008,Utah,91.2,10,31.1,15,10.4,23
2009,Utah,91.2,10,31.1,15,10.4,23
2010,Utah,91.2,10,31.1,15,10.4,23
2011,Utah,91.2,10,31.1,15,10.4,23
2012,Utah,91.2,10,31.1,15,10.4,23
2013,Utah,91.2,10,31.1,15,10.4,23
2014,Utah,91.2,10,31.1,15,10.4,23
2015,Utah,91.2,10,31.1,15,10.4,23
2000,Vermont,91.8,6,36,7,14.3,6
2001,Vermont,91.8,6,36,7,14.3,6
2002,Vermont,91.8,6,36,7,14.3,6
2003,Vermont,91.8,6,36,7,14.3,6
2004,Vermont,91.8,6,36,7,14.3,6
2005,Vermont,91.8,6,36,7,14.3,6
2006,Vermont,91.8,6,36,7,14.3,6
2007,Vermont,91.8,6,36,7,14.3,6
2008,Vermont,91.8,6,36,7,14.3,6
2009,Vermont,91.8,6,36,7,14.3,6
2010,Vermont,91.8,6,36,7,14.3,6
2011,Vermont,91.8,6,36,7,14.3,6
2012,Vermont,91.8,6,36,7,14.3,6
2013,Vermont,91.8,6,36,7,14.3,6
2014,Vermont,91.8,6,36,7,14.3,6
2015,Vermont,91.8,6,36,7,14.3,6
2000,Virginia,88.3,29,36.3,6,15.4,4
2001,Virginia,88.3,29,36.3,6,15.4,4
2002,Virginia,88.3,29,36.3,6,15.4,4
2003,Virginia,88.3,29,36.3,6,15.4,4
2004,Virginia,88.3,29,36.3,6,15.4,4
2005,Virginia,88.3,29,36.3,6,15.4,4
2006,Virginia,88.3,29,36.3,6,15.4,4
2007,Virginia,88.3,29,36.3,6,15.4,4
2008,Virginia,88.3,29,36.3,6,15.4,4
2009,Virginia,88.3,29,36.3,6,15.4,4
2010,Virginia,88.3,29,36.3,6,15.4,4
2011,Virginia,88.3,29,36.3,6,15.4,4
2012,Virginia,88.3,29,36.3,6,15.4,4
2013,Virginia,88.3,29,36.3,6,15.4,4
2014,Virginia,88.3,29,36.3,6,15.4,4
2015,Virginia,88.3,29,36.3,6,15.4,4
2000,Washington,90.4,16,32.9,11,12,13
2001,Washington,90.4,16,32.9,11,12,13
2002,Washington,90.4,16,32.9,11,12,13
2003,Washington,90.4,16,32.9,11,12,13
2004,Washington,90.4,16,32.9,11,12,13
2005,Washington,90.4,16,32.9,11,12,13
2006,Washington,90.4,16,32.9,11,12,13
2007,Washington,90.4,16,32.9,11,12,13
2008,Washington,90.4,16,32.9,11,12,13
2009,Washington,90.4,16,32.9,11,12,13
2010,Washington,90.4,16,32.9,11,12,13
2011,Washington,90.4,16,32.9,11,12,13
2012,Washington,90.4,16,32.9,11,12,13
2013,Washington,90.4,16,32.9,11,12,13
2014,Washington,90.4,16,32.9,11,12,13
2015,Washington,90.4,16,32.9,11,12,13
2000,West Virginia,85,42,19.2,50,7.4,50
2001,West Virginia,85,42,19.2,50,7.4,50
2002,West Virginia,85,42,19.2,50,7.4,50
2003,West Virginia,85,42,19.2,50,7.4,50
2004,West Virginia,85,42,19.2,50,7.4,50
2005,West Virginia,85,42,19.2,50,7.4,50
2006,West Virginia,85,42,19.2,50,7.4,50
2007,West Virginia,85,42,19.2,50,7.4,50
2008,West Virginia,85,42,19.2,50,7.4,50
2009,West Virginia,85,42,19.2,50,7.4,50
2010,West Virginia,85,42,19.2,50,7.4,50
2011,West Virginia,85,42,19.2,50,7.4,50
2012,West Virginia,85,42,19.2,50,7.4,50
2013,West Virginia,85,42,19.2,50,7.4,50
2014,West Virginia,85,42,19.2,50,7.4,50
2015,West Virginia,85,42,19.2,50,7.4,50
2000,Wisconsin,91,11,27.8,27,9.4,33
2001,Wisconsin,91,11,27.8,27,9.4,33
2002,Wisconsin,91,11,27.8,27,9.4,33
2003,Wisconsin,91,11,27.8,27,9.4,33
2004,Wisconsin,91,11,27.8,27,9.4,33
2005,Wisconsin,91,11,27.8,27,9.4,33
2006,Wisconsin,91,11,27.8,27,9.4,33
2007,Wisconsin,91,11,27.8,27,9.4,33
2008,Wisconsin,91,11,27.8,27,9.4,33
2009,Wisconsin,91,11,27.8,27,9.4,33
2010,Wisconsin,91,11,27.8,27,9.4,33
2011,Wisconsin,91,11,27.8,27,9.4,33
2012,Wisconsin,91,11,27.8,27,9.4,33
2013,Wisconsin,91,11,27.8,27,9.4,33
2014,Wisconsin,91,11,27.8,27,9.4,33
2015,Wisconsin,91,11,27.8,27,9.4,33
2000,Wyoming,92.3,3,25.7,40,8.6,40
2001,Wyoming,92.3,3,25.7,40,8.6,40
2002,Wyoming,92.3,3,25.7,40,8.6,40
2003,Wyoming,92.3,3,25.7,40,8.6,40
2004,Wyoming,92.3,3,25.7,40,8.6,40
2005,Wyoming,92.3,3,25.7,40,8.6,40
2006,Wyoming,92.3,3,25.7,40,8.6,40
2007,Wyoming,92.3,3,25.7,40,8.6,40
2008,Wyoming,92.3,3,25.7,40,8.6,40
2009,Wyoming,92.3,3,25.7,40,8.6,40
2010,Wyoming,92.3,3,25.7,40,8.6,40
2011,Wyoming,92.3,3,25.7,40,8.6,40
2012,Wyoming,92.3,3,25.7,40,8.6,40
2013,Wyoming,92.3,3,25.7,40,8.6,40
2014,Wyoming,92.3,3,25.7,40,8.6,40
2015,Wyoming,92.3,3,25.7,40,8.6,40
